{
  "model_weights": [
    "best_densenet121_phase1.pth",
    "best_densenet121_pneumothorax_siim.pth"
  ],
  "val_csv": "valid.csv",
  "num_samples": 234,
  "threshold": 0.5,
  "overall": {
    "mean_auc": 0.7519932462601745,
    "accuracy": 0.34004884004884006,
    "f1_score": 0.2570446735395189,
    "precision": 0.16204506065857885,
    "recall": 0.6212624584717608
  },
  "per_class": {
    "Atelectasis": {
      "auc": 0.6838474025974026,
      "avg_precision": 0.5012829168380999,
      "accuracy": 0.39316239316239315,
      "f1_score": 0.5202702702702703,
      "precision": 0.35648148148148145,
      "recall": 0.9625
    },
    "Cardiomegaly": {
      "auc": 0.7409638554216867,
      "avg_precision": 0.600960747625031,
      "accuracy": 0.7094017094017094,
      "f1_score": 0.0,
      "precision": 0.0,
      "recall": 0.0
    },
    "Consolidation": {
      "auc": 0.7838082315694256,
      "avg_precision": 0.41379857993036623,
      "accuracy": 0.14102564102564102,
      "f1_score": 0.24719101123595505,
      "precision": 0.14102564102564102,
      "recall": 1.0
    },
    "Edema": {
      "auc": 0.8245737801293357,
      "avg_precision": 0.5516216935127066,
      "accuracy": 0.8162393162393162,
      "f1_score": 0.0851063829787234,
      "precision": 1.0,
      "recall": 0.044444444444444446
    },
    "Pleural Effusion": {
      "auc": 0.6930914290821341,
      "avg_precision": 0.43648010119085534,
      "accuracy": 0.2863247863247863,
      "f1_score": 0.44518272425249167,
      "precision": 0.2863247863247863,
      "recall": 1.0
    },
    "Pneumothorax": {
      "auc": 0.785674778761062,
      "avg_precision": 0.16271365097371904,
      "accuracy": 0.03418803418803419,
      "f1_score": 0.06611570247933884,
      "precision": 0.03418803418803419,
      "recall": 1.0
    },
    "Fracture": {
      "auc": null,
      "avg_precision": 0.0,
      "accuracy": 0.0,
      "f1_score": 0.0,
      "precision": 0.0,
      "recall": 0.0
    }
  }
}