{
  "model_weights": "best_densenet121_pneumothorax_siim.pth",
  "val_csv": "valid.csv",
  "num_samples": 234,
  "threshold": 0.5,
  "overall": {
    "mean_auc": 0.5446065857044576,
    "accuracy": 0.3504273504273504,
    "f1_score": 0.2611111111111111,
    "precision": 0.16505706760316066,
    "recall": 0.6245847176079734
  },
  "per_class": {
    "Atelectasis": {
      "auc": 0.5195616883116883,
      "accuracy": 0.34615384615384615,
      "f1_score": 0.5080385852090032,
      "precision": 0.341991341991342,
      "recall": 0.9875,
      "avg_precision": 0.34623890877052427
    },
    "Cardiomegaly": {
      "auc": 0.6295180722891567,
      "accuracy": 0.7094017094017094,
      "f1_score": 0.0,
      "precision": 0.0,
      "recall": 0.0,
      "avg_precision": 0.37035163079844335
    },
    "Consolidation": {
      "auc": 0.5659580883461481,
      "accuracy": 0.14102564102564102,
      "f1_score": 0.24719101123595505,
      "precision": 0.14102564102564102,
      "recall": 1.0,
      "avg_precision": 0.18273077304974233
    },
    "Edema": {
      "auc": 0.45573192239858906,
      "accuracy": 0.8034188034188035,
      "f1_score": 0.041666666666666664,
      "precision": 0.3333333333333333,
      "recall": 0.022222222222222223,
      "avg_precision": 0.18396909399355466
    },
    "Pleural Effusion": {
      "auc": 0.44034319420859774,
      "accuracy": 0.2863247863247863,
      "f1_score": 0.44518272425249167,
      "precision": 0.2863247863247863,
      "recall": 1.0,
      "avg_precision": 0.24427510692909393
    },
    "Pneumothorax": {
      "auc": 0.6565265486725663,
      "accuracy": 0.03418803418803419,
      "f1_score": 0.06611570247933884,
      "precision": 0.03418803418803419,
      "recall": 1.0,
      "avg_precision": 0.07437853332403005
    },
    "Fracture": {
      "auc": null,
      "accuracy": 0.13247863247863248,
      "f1_score": 0.0,
      "precision": 0.0,
      "recall": 0.0,
      "avg_precision": 0.0
    }
  }
}