{
  "model_weights": "best_densenet121_phase1.pth",
  "val_csv": "valid.csv",
  "num_samples": 234,
  "threshold": 0.5,
  "overall": {
    "mean_auc": 0.8273092871125935,
    "accuracy": 0.7341880341880341,
    "f1_score": 0.5923984272608126,
    "precision": 0.4808510638297872,
    "recall": 0.7713310580204779
  },
  "per_class": {
    "Atelectasis": {
      "auc": 0.7504058441558441,
      "accuracy": 0.6410256410256411,
      "f1_score": 0.5922330097087378,
      "precision": 0.48412698412698413,
      "recall": 0.7625,
      "avg_precision": 0.5933202114783771
    },
    "Cardiomegaly": {
      "auc": 0.7502657689581858,
      "accuracy": 0.717948717948718,
      "f1_score": 0.5714285714285714,
      "precision": 0.5116279069767442,
      "recall": 0.6470588235294118,
      "avg_precision": 0.6923268618870493
    },
    "Consolidation": {
      "auc": 0.8392884064525855,
      "accuracy": 0.6837606837606838,
      "f1_score": 0.4393939393939394,
      "precision": 0.29292929292929293,
      "recall": 0.8787878787878788,
      "avg_precision": 0.4072647231035117
    },
    "Edema": {
      "auc": 0.9381540270429158,
      "accuracy": 0.8632478632478633,
      "f1_score": 0.6981132075471698,
      "precision": 0.6065573770491803,
      "recall": 0.8222222222222222,
      "avg_precision": 0.7833178179938896
    },
    "Pleural Effusion": {
      "auc": 0.8584323889534364,
      "accuracy": 0.7649572649572649,
      "f1_score": 0.6666666666666666,
      "precision": 0.5612244897959183,
      "recall": 0.8208955223880597,
      "avg_precision": 0.7161964839770256
    }
  }
}