{
  "epoch": [
    1,
    2,
    3,
    4,
    5,
    6,
    7,
    8
  ],
  "train_loss": [
    0.165921,
    0.057357,
    0.046585,
    0.002353,
    0.034708,
    0.057374,
    0.047043,
    0.020164
  ],
  "val_loss": [
    0.007918,
    0.001427,
    0.002327,
    0.000451,
    0.000745,
    0.001382,
    0.000813,
    0.000625
  ],
  "ptx_auc": [
    1.0,
    1.0,
    1.0,
    1.0,
    1.0,
    1.0,
    1.0,
    1.0
  ],
  "lr": [
    4.812e-05,
    4.275e-05,
    3.472e-05,
    2.525e-05,
    1.578e-05,
    7.75e-06,
    2.38e-06,
    5e-07
  ]
}