{
  "model_weights": [
    "best_densenet121_phase1.pth",
    "results_domain_balanced_ptx_smoke/best_densenet121_ptx_domain_balanced.pth"
  ],
  "val_csv": "valid.csv",
  "num_samples": 234,
  "threshold": 0.5,
  "overall": {
    "mean_auc": 0.8323218253193846,
    "accuracy": 0.5476190476190477,
    "f1_score": 0.3891178895300907,
    "precision": 0.25877192982456143,
    "recall": 0.7840531561461794
  },
  "per_class": {
    "Atelectasis": {
      "auc": 0.7525162337662338,
      "avg_precision": 0.6159414058844672,
      "accuracy": 0.6196581196581197,
      "f1_score": 0.5972850678733032,
      "precision": 0.46808510638297873,
      "recall": 0.825
    },
    "Cardiomegaly": {
      "auc": 0.718284904323175,
      "avg_precision": 0.6406904953513695,
      "accuracy": 0.7991452991452992,
      "f1_score": 0.6115702479338843,
      "precision": 0.6981132075471698,
      "recall": 0.5441176470588235
    },
    "Consolidation": {
      "auc": 0.8569274837931554,
      "avg_precision": 0.4295633897965787,
      "accuracy": 0.14102564102564102,
      "f1_score": 0.24719101123595505,
      "precision": 0.14102564102564102,
      "recall": 1.0
    },
    "Edema": {
      "auc": 0.9214579659024104,
      "avg_precision": 0.7684605813806925,
      "accuracy": 0.8418803418803419,
      "f1_score": 0.6890756302521008,
      "precision": 0.5540540540540541,
      "recall": 0.9111111111111111
    },
    "Pleural Effusion": {
      "auc": 0.8973992313879704,
      "avg_precision": 0.8092547774270972,
      "accuracy": 0.8290598290598291,
      "f1_score": 0.7222222222222222,
      "precision": 0.6753246753246753,
      "recall": 0.7761194029850746
    },
    "Pneumothorax": {
      "auc": 0.8473451327433628,
      "avg_precision": 0.4130885134561605,
      "accuracy": 0.6025641025641025,
      "f1_score": 0.1308411214953271,
      "precision": 0.0707070707070707,
      "recall": 0.875
    },
    "Fracture": {
      "auc": null,
      "avg_precision": 0.0,
      "accuracy": 0.0,
      "f1_score": 0.0,
      "precision": 0.0,
      "recall": 0.0
    }
  }
}