{
  "epoch": [
    1,
    2,
    3,
    4,
    5,
    6,
    7,
    8
  ],
  "train_loss": [
    0.311252,
    0.279773,
    0.274251,
    0.252128,
    0.238366,
    0.219268,
    0.210062,
    0.203791
  ],
  "chex_val_loss": [
    0.72825,
    0.497284,
    0.61053,
    0.555942,
    0.495998,
    0.636858,
    0.592267,
    0.654628
  ],
  "chex_val_auc": [
    0.854535,
    0.876106,
    0.899336,
    0.857854,
    0.815819,
    0.795907,
    0.82135,
    0.829093
  ],
  "siim_val_loss": [
    0.001119,
    0.001531,
    0.000568,
    0.000575,
    0.000709,
    0.000777,
    0.001126,
    0.000981
  ],
  "siim_val_auc": [
    1.0,
    1.0,
    1.0,
    1.0,
    1.0,
    1.0,
    1.0,
    1.0
  ],
  "blended_score": [
    0.898175,
    0.913274,
    0.929535,
    0.900498,
    0.871073,
    0.857135,
    0.874945,
    0.880365
  ],
  "lr": [
    4.812e-05,
    4.275e-05,
    3.472e-05,
    2.525e-05,
    1.578e-05,
    7.75e-06,
    2.38e-06,
    5e-07
  ]
}